Rack_location;ID;Mang44_a;Mang44_b;Mang36_a;Mang36_b
1;A01_AGP16295;155;159;331;331
2;A02_AGP16296;159;159;327;331
3;A03_AGP16297;155;163;331;331
4;A04_AGP07487;NA;NA;NA;NA
5;A05_AGP07488;NA;NA;NA;NA
6;A06_AGP20001;151;151;331;331
7;A07_AGP20002;155;159;331;331
8;A08_AGP20003;155;163;331;331
9;A09_AGP20004;151;159;331;331
10;A10_AGP20005;NA;NA;NA;NA
11;A11_AGP20006;151;155;331;331
12;A12_AGP20007;155;159;331;331
13;B01_AGP20008;155;159;327;331
14;B02_AGP20009;NA;NA;NA;NA
15;B03_AGP20010;155;155;307;331
16;B04_AGP20011;151;163;331;331
17;B05_AGP20012;151;155;331;331
18;B06_AGP20013;151;159;331;331
19;B07_AGP20014;155;155;327;331
20;B08_AGP20015;151;155;331;335
21;B09_AGP20016;151;163;331;331
22;B10_AGP20017;159;159;331;331
23;B11_AGP20018;155;159;331;331
24;B12_AGP20019;151;151;331;331
25;C01_AGP20020;151;155;331;331
26;C02_AGP20021;155;155;331;331
27;C03_AGP20022;151;151;331;331
28;C04_AGP20024;155;159;331;331
29;C05_AGP20025;147;155;331;331
30;C06_AGP20026;159;163;327;331
31;C07_AGP20027;151;163;331;331
32;C08_AGP20028;151;155;331;331
33;C09_AGP20029;147;159;307;331
34;C10_AGP20030;151;155;331;331
35;C11_AGP20031;159;159;331;331
36;C12_AGP20032;151;151;331;331
37;D01_AGP20033;151;151;327;331
38;D02_AGP20034;155;159;331;331
39;D03_AGP20035;151;155;331;331
40;D04_AGP20036;147;151;331;331
41;D05_AGP20038;151;159;331;379
42;D06_AGP20039;155;159;331;331
43;D07_AGP20040;147;155;331;331
44;D08_AGP20041;147;155;331;331
45;D09_AGP20042;155;159;331;331
46;D10_AGP20043;NA;NA;NA;NA
47;D11_AGP20044;151;155;331;331
48;D12_AGP20045;155;163;331;331
49;E01_AGP20046;159;163;331;331
50;E02_AGP20047;151;151;331;331
51;E03_Empty;NA;NA;NA;NA
52;E04_AGP20048;159;159;331;331
53;E05_AGP20049;151;155;331;331
54;E06_AGP20050;151;159;331;331
55;E07_AGP20051;NA;NA;NA;NA
56;E08_AGP20052;155;155;331;331
57;E09_AGP20053;155;159;331;331
58;E10_AGP20054;155;155;331;335
59;E11_AGP20055;135;151;331;331
60;E12_AGP20056;151;163;331;331
61;F01_AGP20057;155;159;331;331
62;F02_AGP20058;155;155;331;331
63;F03_AGP20059;155;155;331;331
64;F04_AGP20060;155;159;331;331
65;F05_AGP20061;159;163;331;331
66;F06_AGP20062;159;163;NA;NA
67;F07_AGP20063;155;155;NA;NA
68;F08_AGP20064;155;155;331;331
69;F09_AGP20065;151;159;NA;NA
70;F10_AGP20066;151;151;327;331
71;F11_AGP20067;151;155;331;331
72;F12_AGP20068;159;159;307;331
73;G01_AGP20069;155;155;331;335
74;G02_AGP20070;147;151;331;331
75;G03_AGP20071;151;159;331;331
76;G04_AGP20072;151;159;331;331
77;G05_AGP20073;155;159;307;331
78;G06_AGP20074;155;159;331;331
79;G07_AGP20075;151;159;331;331
80;G08_AGP20076;NA;NA;NA;NA
81;G09_AGP20077;155;159;307;331
82;G10_AGP20078;159;159;331;331
83;G11_AGP20079;151;151;331;331
84;G12_AGP20080;151;155;331;331
85;H01_AGP20081;151;155;331;331
86;H02_AGP20082;155;155;331;331
87;H03_AGP20083;151;159;331;331
88;H04_AGP20084;159;163;331;331
89;H05_AGP20085;155;155;331;331
90;H06_AGP20086;151;151;327;331
91;H07_AGP20087;151;159;331;331
92;H08_AGP20088;147;155;331;331
93;H09_AGP20089;159;163;307;331
94;H10_AGP20090;147;155;331;331
95;H11_AGP20091;151;155;331;331
96;H12_AGP20092;159;159;331;335