Rack_location;ID;PvcE_a;PvcE_b;Mang44_a;Mang44_b;Mang36_a;Mang36_b
1;A01_AGF13004;122;132;151;159;331;331
2;A02_AGP16291;130;132;147;147;331;331
3;A03_AGP16317;132;134;159;159;331;331
4;A04_AGP20192;130;132;147;159;331;331
5;A05_AGP20194;132;134;159;163;331;331
6;A06_AGP20195;132;132;151;155;331;331
7;A07_AGP20196;132;138;151;159;331;331
8;A08_AGP20197;128;134;155;163;331;331
9;A09_AGP20198;132;132;155;159;327;331
10;A10_AGP20199;NA;NA;NA;NA;NA;NA
11;A11_AGP20200;94;132;151;151;331;331
12;A12_AGP20201;130;132;151;155;331;331
13;B01_AGP20202;94;128;151;155;327;331
14;B02_AGP20203;130;132;151;155;331;331
15;B03_AGP20204;142;144;155;155;331;331
16;B04_AGP20205;94;122;151;155;331;331
17;B05_AGP20206;132;134;155;159;331;331
18;B06_AGP20207;130;132;151;155;331;331
19;B07_AGP20208;124;130;151;155;331;331
20;B08_AGP20209;130;136;151;155;331;331
21;B09_AGP20210;130;138;155;155;331;379
22;B10_AGP20211;130;140;151;159;331;331
23;B11_AGP20212;128;144;151;159;331;331
24;B12_AGP20213;136;144;151;155;331;331
25;C01_AGP20214;126;130;147;155;331;331
26;C02_AGP20215;132;132;155;155;331;331
27;C03_AGP20216;128;132;155;159;327;331
28;C04_AGP20217;130;136;151;155;331;331
29;C05_AGP20218;132;140;151;159;331;331
30;C06_AGP20219;130;132;151;163;331;331
31;C07_AGP20220;122;130;151;159;331;335
32;C08_AGP20221;126;136;159;159;331;331
33;C09_AGP20222;132;138;155;159;331;331
34;C10_AGP20223;124;126;155;163;331;379
35;C11_AGP20224;124;130;155;159;331;331
36;C12_AGP20225;126;132;151;155;331;331
37;D01_AGP20226;126;130;151;151;331;331
38;D02_AGP20227;126;138;155;159;331;331
39;D03_AGP20228;130;132;151;155;331;331
40;D04_AGP20229;94;126;151;163;331;331
41;D05_AGP20230;132;132;NA;NA;NA;NA
42;D06_AGP20232;122;144;151;159;331;331
43;D07_AGP20233;NA;NA;151;155;331;331
44;D08_AGP20234;132;134;151;155;327;327
45;D09_AGP20235;130;138;155;163;331;331
46;D10_AGP20236;130;138;159;159;331;331
47;D11_AGP20237;126;136;151;159;331;331
48;D12_AGP20238;126;136;151;155;331;331
49;E01_AGP20239;94;128;147;159;307;331
50;E02_AGP20240;130;144;151;159;331;331
51;E03_Empty;NA;NA;NA;NA;NA;NA
52;E04_AGP20241;130;134;155;159;331;331
53;E05_AGP20242;126;130;151;155;331;331
54;E06_AGP20243;94;126;151;159;331;331
55;E07_AGP20244;128;128;147;163;331;331
56;E08_AGP20245;126;130;147;155;331;331
57;E09_AGP20246;130;136;159;163;331;335
58;E10_AGP20247;126;136;147;151;331;331
59;E11_AGP20248;128;132;151;155;331;331
60;E12_AGP20249;NA;NA;NA;NA;NA;NA
61;F01_AGP20250;94;138;159;159;331;331
62;F02_AGP20251;130;144;155;155;331;331
63;F03_AGP20252;128;140;159;159;331;331
64;F04_AGP20253;124;132;151;155;331;379
65;F05_AGP20254;126;132;151;155;331;331
66;F06_AGP20255;130;132;151;155;331;335
67;F07_AGP20256;132;144;151;159;331;331
68;F08_AGP20257;126;132;151;155;331;331
69;F09_AGP20258;132;132;151;151;331;331
70;F10_AGP20259;124;130;155;163;331;331
71;F11_AGP20260;128;132;151;155;331;331
72;F12_AGP20261;130;136;151;163;331;331
73;G01_AGP20262;126;138;155;159;331;331
74;G02_AGP20263;132;132;NA;NA;NA;NA
75;G03_AGP20264;136;144;155;155;331;331
76;G04_AGP20265;126;126;155;159;331;331
77;G05_AGP20266;130;132;155;163;331;331
78;G06_AGP20268;126;136;151;155;331;331
79;G07_AGP20269;94;136;151;159;331;331
80;G08_AGP20270;128;132;155;155;331;331
81;G09_AGP20271;126;130;151;155;331;331
82;G10_AGP20272;126;138;151;159;331;331
83;G11_AGP20273;126;144;159;163;331;331
84;G12_AGP20274;126;132;151;155;331;331
85;H01_AGP20275;126;128;151;159;331;331
86;H02_AGP20276;132;132;147;151;331;331
87;H03_AGP20277;132;140;155;159;331;331
88;H04_AGP20278;126;128;155;159;331;331
89;H05_AGP20280;122;130;151;159;331;331
90;H06_AGP20281;126;130;155;159;331;331
91;H07_AGP20282;132;136;155;163;331;331
92;H08_AGP20283;94;132;155;155;NA;NA
93;H09_AGP20284;130;134;159;159;331;331
94;H10_AGP20285;132;138;155;159;331;331
95;H11_AGP20286;132;136;159;159;331;331
96;H12_AGP20287;130;144;151;159;331;331